時代,キーワード
旧石器時代,猿人 
旧石器時代,氷河時代
旧石器時代,原人
旧石器時代,新人
旧石器時代,旧石器時代
旧石器時代,土器
旧石器時代,磨製石器 
旧石器時代,新石器時代
旧石器時代,青銅器 
旧石器時代,エジプト文明
旧石器時代,ピラミッド
旧石器時代,太陽暦
旧石器時代,象形文字
旧石器時代,メソポタミア文明
旧石器時代,くさび形文字
旧石器時代,オリエント
旧石器時代,インダス文明
旧石器時代,アーリア人
旧石器時代,仏教
旧石器時代,シャカ
旧石器時代,イエス
旧石器時代,キリスト教
旧石器時代,イスラム教
旧石器時代,ムハンマド
旧石器時代,ポリス
旧石器時代,ローマ帝国
旧石器時代,殷 
旧石器時代,甲骨文字 
旧石器時代,孔子
旧石器時代,秦 
旧石器時代,始皇帝 
旧石器時代,万里の長城
旧石器時代,漢
旧石器時代,シルクロード
旧石器時代,絹
縄文・弥生・古墳時代,野尻湖 
縄文・弥生・古墳時代,岩宿遺跡 
縄文・弥生・古墳時代,縄文時代
縄文・弥生・古墳時代,貝塚 
縄文・弥生・古墳時代,たて穴住居
縄文・弥生・古墳時代,高床倉庫 
縄文・弥生・古墳時代,鉄器
縄文・弥生・古墳時代,登呂遺跡 
縄文・弥生・古墳時代,漢
縄文・弥生・古墳時代,福岡県
縄文・弥生・古墳時代,邪馬台国 
縄文・弥生・古墳時代,卑弥呼 
縄文・弥生・古墳時代,魏 
縄文・弥生・古墳時代,魏志倭人伝 
縄文・弥生・古墳時代,大和政権 
縄文・弥生・古墳時代,古墳
縄文・弥生・古墳時代,大仙
縄文・弥生・古墳時代,前方後円墳
縄文・弥生・古墳時代,はにわ
縄文・弥生・古墳時代,古墳時代
縄文・弥生・古墳時代,新羅 
縄文・弥生・古墳時代,伽耶
縄文・弥生・古墳時代,好太王
縄文・弥生・古墳時代,東北
縄文・弥生・古墳時代,大王
縄文・弥生・古墳時代,宋 
縄文・弥生・古墳時代,須恵器 
縄文・弥生・古墳時代,漢字
縄文・弥生・古墳時代,打製石器
縄文・弥生・古墳時代,国
縄文・弥生・古墳時代,儒学
縄文・弥生・古墳時代,漢
縄文・弥生・古墳時代,縄文土器
縄文・弥生・古墳時代,土偶
縄文・弥生・古墳時代,三内丸山遺跡
縄文・弥生・古墳時代,金属器
縄文・弥生・古墳時代,弥生土器
縄文・弥生・古墳時代,吉野ヶ里遺跡
縄文・弥生・古墳時代,漢書
縄文・弥生・古墳時代,金印
縄文・弥生・古墳時代,三国時代
縄文・弥生・古墳時代,親魏倭王
縄文・弥生・古墳時代,九州説
縄文・弥生・古墳時代,武人はにわ
縄文・弥生・古墳時代,へびの神
縄文・弥生・古墳時代,神話
縄文・弥生・古墳時代,南北朝時代
縄文・弥生・古墳時代,高句麗
縄文・弥生・古墳時代,南朝
縄文・弥生・古墳時代,渡来人
縄文・弥生・古墳時代,朝廷
飛鳥時代,隋 
飛鳥時代,聖徳太子
飛鳥時代,冠位十二階
飛鳥時代,十七条の憲法
飛鳥時代,遣隋使 
飛鳥時代,小野妹子
飛鳥時代,仏教
飛鳥時代,飛鳥文化
飛鳥時代,法隆寺
飛鳥時代,唐
飛鳥時代,大化の改新
飛鳥時代,645年
飛鳥時代,中臣鎌足 
飛鳥時代,公地・公民
飛鳥時代,白村江の戦い 
飛鳥時代,壬申の乱 
飛鳥時代,天武天皇 
奈良時代,大宝律令 
奈良時代,貴族
奈良時代,平城京
奈良時代,奈良時代
奈良時代,国司 
奈良時代,郡司 
奈良時代,大宰府 
奈良時代,班田収授法 
奈良時代,口分田 
奈良時代,防人 
奈良時代,墾田永年私財法 
奈良時代,荘園 
奈良時代,東大寺
奈良時代,鑑真 
奈良時代,行基 
奈良時代,古事記 
奈良時代,風土記
平安時代,平安京
平安時代,平安時代
平安時代,征夷大将軍 
平安時代,最澄 
平安時代,空海 
平安時代,宋
平安時代,摂関政治 
平安時代,藤原氏
平安時代,藤原道長 
平安時代,国風文化
平安時代,仮名文字
平安時代,源氏物語
平安時代,枕草子 
平安時代,古今和歌集
平安時代,浄土信仰
平安時代,平等院鳳凰堂 
平安時代,摂政
平安時代,蘇我馬子
平安時代,中大兄皇子
平安時代,蘇我蝦夷・入鹿
平安時代,百済
平安時代,新羅
平安時代,戸籍
平安時代,持統天皇
平安時代,藤原京
平安時代,日本
平安時代,律令国家
平安時代,太政官
平安時代,太宰府
平安時代,富本銭
平安時代,租
平安時代,天平文化
平安時代,国分尼寺
平安時代,正倉院
平安時代,阿弥陀堂
平安時代,延暦寺
平安時代,桓武天皇
平安時代,金剛峯寺
平安時代,遣唐使
平安時代,高麗
平安時代,紫式部
平安時代,真言宗
平安時代,菅原道真
平安時代,清少納言
平安時代,大和絵
平安時代,天台宗
平安時代,日本書紀
平安時代,万葉集
鎌倉時代,武士団 
鎌倉時代,平将門 
鎌倉時代,平氏 
鎌倉時代,荘園 
鎌倉時代,後三条天皇 
鎌倉時代,院政 
鎌倉時代,白河上皇 
鎌倉時代,僧兵 
鎌倉時代,保元の乱 
鎌倉時代,平清盛 
鎌倉時代,後白河上皇 
鎌倉時代,太政大臣 
鎌倉時代,神戸市
鎌倉時代,源頼朝 
鎌倉時代,源義経 
鎌倉時代,守護
鎌倉時代,1192年
鎌倉時代,御恩 
鎌倉時代,執権 
鎌倉時代,承久の乱 
鎌倉時代,六波羅探題 
鎌倉時代,地頭 
鎌倉時代,北条泰時 
鎌倉時代,二毛作 
鎌倉時代,新古今和歌集
鎌倉時代,平家物語
鎌倉時代,法然 
鎌倉時代,浄土真宗 
鎌倉時代,禅宗 
鎌倉時代,平将門の乱
鎌倉時代,藤原純友の乱
鎌倉時代,源義家
鎌倉時代,平治の乱
鎌倉時代,宋
鎌倉時代,壇ノ浦
鎌倉時代,征夷大将軍
鎌倉時代,藤原氏
鎌倉時代,御家人
鎌倉時代,奉公
鎌倉時代,後鳥羽上皇
鎌倉時代,北条政子
鎌倉時代,下地中分
鎌倉時代,弓馬の道
鎌倉時代,惣領
鎌倉時代,御成敗式目
鎌倉時代,手工業者
鎌倉時代,定期市
鎌倉時代,鴨長明
鎌倉時代,東大寺南大門
鎌倉時代,金剛力士像
鎌倉時代,琵琶法師
鎌倉時代,兼好法師
鎌倉時代,時宗
鎌倉時代,日蓮宗
鎌倉時代,道元
鎌倉時代,神仏習合
室町時代,チンギス・ハン
室町時代,フビライ・ハン
室町時代,大都 
室町時代,石塁 
室町時代,弘安の役 
室町時代,元寇 
室町時代,北条時宗 
室町時代,
室町時代,悪党 
室町時代,後醍醐天皇 
室町時代,足利尊氏 
室町時代,足利義満 
室町時代,守護大名 
室町時代,管領 
室町時代,鎌倉府
室町時代,明
室町時代,倭寇 
室町時代,勘合 
室町時代,銅銭
室町時代,朝鮮国 
室町時代,李成桂 
室町時代,琉球王国
室町時代,アイヌ民族
室町時代,コシャマイン
室町時代,水車
室町時代,問 
室町時代,座 
室町時代,土倉 
室町時代,土一揆 
室町時代,一向一揆 
室町時代,下剋上 
室町時代,戦国時代
室町時代,城下町
室町時代,分国法 
室町時代,町衆 
室町時代,能 
室町時代,金閣
室町時代,北山文化
室町時代,書院造 
室町時代,水墨画
室町時代,銀閣
室町時代,東山文化
室町時代,狂言 
室町時代,マルコ・ポーロ
室町時代,文永の役
室町時代,高麗
室町時代,徳政令
室町時代,建武の新政
室町時代,吉野
室町時代,室町幕府
室町時代,南北朝の動乱
室町時代,侍所
室町時代,ハングル
室町時代,日朝貿易
室町時代,中継貿易
室町時代,蝦夷地
室町時代,絹織物
室町時代,定期市
室町時代,馬借
室町時代,門前町
室町時代,惣村
室町時代,村のおきて
室町時代,応仁の乱
室町時代,細川勝元
室町時代,山城国一揆
室町時代,
室町時代,茶の湯
室町時代,連歌
室町時代,五山
室町時代,河原者
室町時代,御伽草子
戦国・安土桃山時代,ローマ教皇
戦国・安土桃山時代,十字軍
戦国・安土桃山時代,ルネサンス
戦国・安土桃山時代,宗教改革
戦国・安土桃山時代,ルタ一
戦国・安土桃山時代,カルバン
戦国・安土桃山時代,プロテスタント
戦国・安土桃山時代,イエズス会
戦国・安土桃山時代,バスコ・ダ・ガマ
戦国・安土桃山時代,コロンブス
戦国・安土桃山時代,マゼラン
戦国・安土桃山時代,スペイン
戦国・安土桃山時代,オランダ
戦国・安土桃山時代,鉄砲
戦国・安土桃山時代,種子島
戦国・安土桃山時代,フランシスコ・ザビエル
戦国・安土桃山時代,天正遣欧少年使節 
戦国・安土桃山時代,桶狭間の戦い 
戦国・安土桃山時代,長篠の戦い 
戦国・安土桃山時代,安土城 
戦国・安土桃山時代,楽市・楽座 
戦国・安土桃山時代,本能寺 
戦国・安土桃山時代,大阪城
戦国・安土桃山時代,安土桃山時代
戦国・安土桃山時代,太閤検地 
戦国・安土桃山時代,刀狩 
戦国・安土桃山時代,兵農分離 
戦国・安土桃山時代,明
戦国・安土桃山時代,朝鮮
戦国・安土桃山時代,狩野永徳 
戦国・安土桃山時代,千利休 
戦国・安土桃山時代,南蛮文化 
戦国・安土桃山時代,正教会
戦国・安土桃山時代,カトリック教会
戦国・安土桃山時代,レオナルド・ダ・ビンチ
戦国・安土桃山時代,免罪符
戦国・安土桃山時代,植民地
戦国・安土桃山時代,
戦国・安土桃山時代,南蛮人
戦国・安土桃山時代,南蛮貿易
戦国・安土桃山時代,キリシタン大名
戦国・安土桃山時代,今川義元
戦国・安土桃山時代,足利義昭
戦国・安土桃山時代,関白
戦国・安土桃山時代,北条氏
戦国・安土桃山時代,佐渡金山
戦国・安土桃山時代,バテレン追放令
戦国・安土桃山時代,桃山文化
戦国・安土桃山時代,三味線
戦国・安土桃山時代,出雲の阿国
江戸時代,関ヶ原の戦い
江戸時代,江戸幕府
江戸時代,幕領 
江戸時代,親藩 
江戸時代,譜代大名 
江戸時代,外様大名 
江戸時代,藩 
江戸時代,幕藩体制 
江戸時代,参勤交代 
江戸時代,徳川家光
江戸時代,京都所司代 
江戸時代,武士
江戸時代,町人 
江戸時代,本百姓 
江戸時代,水のみ百姓
江戸時代,村役人 
江戸時代,年貢 
江戸時代,五人組
江戸時代,朱印状 
江戸時代,日本町
江戸時代,キリスト教
江戸時代,島原・天草一揆 
江戸時代,鎖国 
江戸時代,宗門改 
江戸時代,清 
江戸時代,オランダ
江戸時代,出島
江戸時代,オランダ風説書
江戸時代,対馬藩 
江戸時代,倭館 
江戸時代,朝鮮通信使
江戸時代,薩摩藩 
江戸時代,アイヌ民族
江戸時代,松前藩 
江戸時代,シャクシャイン
江戸時代,徳川家康
江戸時代,老中
江戸時代,武家諸法度
江戸時代,朱印船貿易
江戸時代,絵踏
江戸時代,ポルトガル
江戸時代,琉球
江戸時代,
江戸時代,備中ぐわ 
江戸時代,商品作物
江戸時代,九十九里浜
江戸時代,しょう油
江戸時代,樽廻船 
江戸時代,江戸 
江戸時代,蔵屋敷
江戸時代,三都
江戸時代,徳川綱吉 
江戸時代,元禄文化 
江戸時代,近松門左衛門 
江戸時代,松尾芭蕉 
江戸時代,浮世絵 
江戸時代,徳川吉宗 
江戸時代,享保の改革 
江戸時代,上げ米の制 
江戸時代,目安箱 
江戸時代,公事方御定書 
江戸時代,小作人 
江戸時代,問屋制家内工業 
江戸時代,工場制手工業
江戸時代,百姓一揆 
江戸時代,打ちこわし 
江戸時代,田沼意次 
江戸時代,俵物 
江戸時代,松平定信
江戸時代,寛政の改革 
江戸時代,ラクスマン
江戸時代,レザノフ
江戸時代,藩札 
江戸時代,国学
江戸時代,本居宣長 
江戸時代,蘭学 
江戸時代,解体新書 
江戸時代,伊能忠敬 
江戸時代,化政文化 
江戸時代,十返舍一九
江戸時代,錦絵 
江戸時代,喜多川歌麿 
江戸時代,歌川
江戸時代,与謝蕪村 
江戸時代,藩校 
江戸時代,寺子屋 
江戸時代,異国船打払令 
江戸時代,モリソン号事件
江戸時代,蛮社の獄 
江戸時代,大塩平八郎 
江戸時代,水野忠邦 
江戸時代,長州藩 
江戸時代,新田
江戸時代,千歯こき
江戸時代,べにばな
江戸時代,金
江戸時代,干鰯
江戸時代,蝦夷地
江戸時代,かつお
江戸時代,五街道
江戸時代,菱垣廻船
江戸時代,西廻り航路
江戸時代,京都
江戸時代,両替商
江戸時代,朱子学
江戸時代,浮世草子
江戸時代,松尾芭蕉
江戸時代,株仲間
江戸時代,印旛沼
江戸時代,昌平坂学問所
江戸時代,大阪
江戸時代,天保の改革
江戸時代,薩摩藩
江戸時代,オランダ
江戸時代,ロック
江戸時代,モンテスキュー
江戸時代,ルソー
江戸時代,王権神授説 
江戸時代,ピューリタン革命
江戸時代,クロムウェル
江戸時代,名誉革命
江戸時代,権利章典 
江戸時代,イギリス
江戸時代,独立宣言
江戸時代,合衆国憲法
江戸時代,ワシン卜ン
江戸時代,絶対王政 
江戸時代,ベルサイユ宮殿
江戸時代,フランス革命
江戸時代,バスチーユ牢獄 
江戸時代,人権宣言
江戸時代,ナポレオン
江戸時代,蒸気機関
江戸時代,産業革命
江戸時代,世界の工場
江戸時代,労働組合
江戸時代,社会主義
江戸時代,ビスマルク
江戸時代,南北戦争
江戸時代,アヘン
江戸時代,南京条約 
江戸時代,香港
江戸時代,洪秀全 
江戸時代,綿製品
江戸時代,インド大反乱
江戸時代,農奴 
江戸時代,南下政策
江戸時代,ペリー
江戸時代,浦賀 
江戸時代,下田 
江戸時代,新潟 
江戸時代,領事裁判権 
江戸時代,関税自主権 
江戸時代,尊王攘夷運動 
江戸時代,安政の大獄 
江戸時代,西郷隆盛
江戸時代,薩長同盟 
江戸時代,坂本龍馬
江戸時代,大政奉還 
江戸時代,徳川慶喜 
江戸時代,王政復古の大号令 
江戸時代,戊辰戦争 
江戸時代,立憲君主制
江戸時代,三権分立
江戸時代,資本主義
江戸時代,リンカーン
江戸時代,太平天国の乱
江戸時代,ロシア
江戸時代,アメリカ
江戸時代,日米和親条約
江戸時代,神奈川
江戸時代,生糸
江戸時代,攘夷論
江戸時代,井伊直弼
江戸時代,薩摩藩
江戸時代,長州藩
江戸時代,ええじゃないか
江戸時代,江戸城
江戸時代,廃藩置県 
江戸時代,明治維新
江戸時代,富国強兵 
江戸時代,学制
江戸時代,徴兵令 
江戸時代,地租改正 
江戸時代,2.50%
江戸時代,文明開化
江戸時代,福沢諭吉
江戸時代,中江兆民 
江戸時代,岩倉使節団 
江戸時代,殖産興業 
江戸時代,富岡製糸場 
江戸時代,官営模範工場 
江戸時代,開拓使
江戸時代,琉球処分 
江戸時代,樺太・千島交換条約 
江戸時代,板垣退助
江戸時代,西南戦争
江戸時代,西郷隆盛
江戸時代,自由民権運動
江戸時代,国会期成同盟
江戸時代,自由党
江戸時代,伊藤博文
江戸時代,内閣制度
江戸時代,大日本帝国憲法
江戸時代,帝国議会
江戸時代,教育勅語 
明治時代,五箇条の御誓文
明治時代,東京
明治時代,版籍奉還
明治時代,四民平等
明治時代,解放令
明治時代,地券
明治時代,太陽暦
明治時代,屯田兵
明治時代,アイヌ
明治時代,台湾
明治時代,征韓論
明治時代,江華島事件
明治時代,日朝修好条規
明治時代,小笠原諸島
明治時代,藩閥政治
明治時代,民撰議院設立の建白書
明治時代,立憲改進党
明治時代,貴族院
明治時代,立憲制国家
明治時代,帝国主義
明治時代,欧化政策 
明治時代,陸奥宗光 
明治時代,小村寿太郎 
明治時代,甲午農民戦争 
明治時代,日清戦争
明治時代,下関条約 
明治時代,ロシア
明治時代,三国干渉 
明治時代,義和団事件 
明治時代,日英同盟
明治時代,日露戦争
明治時代,ポーツマス条約
明治時代,日比谷焼き打ち事件 
明治時代,韓国併合
明治時代,孫文 
明治時代,辛亥革命 
明治時代,中華民国
明治時代,軽工業
明治時代,八幡製鉄所 
明治時代,工場法
明治時代,大逆事件 
明治時代,幸徳秋水 
明治時代,田中正造
明治時代,フェノロサ
明治時代,横山大観 
明治時代,黒田清輝 
明治時代,荻原守衛 
明治時代,二葉亭四迷 
明治時代,６年
明治時代,北里柴三郎 
明治時代,野ロ英世
明治時代,ノルマントン号事件
明治時代,関税自主権
明治時代,朝鮮
明治時代,大韓帝国
明治時代,遼東半島
明治時代,立憲政友会
明治時代,与謝野晶子
明治時代,アメリカ
明治時代,樺太
明治時代,韓国
明治時代,朝鮮総督府
明治時代,産業革命
明治時代,生糸
明治時代,足尾銅山
明治時代,財閥
明治時代,労働争議
明治時代,滝廉太郎
明治時代,言文一致
明治時代,樋ロ一葉
明治時代,夏目漱石
明治時代,森鴎外
明治時代,志賀潔
明治時代,三国同盟
明治時代,三国協商 
明治時代,バルカン半島
明治時代,第一次世界大戦
明治時代,日英同盟
明治時代,ロシア革命
明治時代,レーニン
明治時代,ソビエト社会主義共和国連邦
明治時代,ベルサイユ条約
明治時代,国際連盟
明治時代,ワシントン会議
明治時代,ワイマ一ル憲法
明治時代,山東半島 
明治時代,二十一か条の要求
明治時代,五・四運動 
明治時代,中国国民党
明治時代,三・一独立運動
明治時代,ガンディー
大正時代,護憲運動 
大正時代,大正デモクラシー
大正時代,吉野作造 
大正時代,原敬 
大正時代,立憲政友会 
大正時代,加藤高明 
大正時代,憲政の常道 
大正時代,1925年
大正時代,労働争議 
大正時代,小作争議 
大正時代,全国水平社 
大正時代,新婦人協会
大正時代,関東大震災
大正時代,ラジオ放送
大正時代,白樺派 
大正時代,プロレタリア文学
大正時代,同盟国側
大正時代,総力戦
大正時代,アメリカ
大正時代,スタ一リン
大正時代,シベリア出兵
大正時代,ウィルソン
大正時代,イギリス
大正時代,ドイツ
大正時代,孫文
大正時代,中国共産党
大正時代,インド
大正時代,第一次護憲運動
大正時代,美濃部達吉
大正時代,大戦景気
大正時代,米騒動
大正時代,メ一デ一
大正時代,アイヌ民族
大正時代,普通選挙法
大正時代,治安維持法
大正時代,志賀直哉
大正時代,芥川龍之介
大正時代,西田幾多郎
昭和・平成時代,世界恐慌 
昭和・平成時代,ニューディール政策
昭和・平成時代,ブロック経済
昭和・平成時代,ソ連
昭和・平成時代,ヒ卜ラー
昭和・平成時代,ムッソリーニ
昭和・平成時代,ファシズム
昭和・平成時代,蒋介石
昭和・平成時代,満州国 
昭和・平成時代,国際連盟 
昭和・平成時代,五・一五事件
昭和・平成時代,ニ・ニ六事件
昭和・平成時代,日中戦争 
昭和・平成時代,南京事件 
昭和・平成時代,国家総動員法
昭和・平成時代,皇民化 
昭和・平成時代,第二次世界大戦
昭和・平成時代,1939年
昭和・平成時代,ユダヤ人
昭和・平成時代,大西洋憲章 
昭和・平成時代,イタリア
昭和・平成時代,日ソ中立条約
昭和・平成時代,太平洋戦争
昭和・平成時代,東京
昭和・平成時代,沖縄
昭和・平成時代,ドイツ
昭和・平成時代,原子爆弾
昭和・平成時代,広島
昭和・平成時代,8月15日
昭和・平成時代,計画経済
昭和・平成時代,ファシスト党
昭和・平成時代,ナチス
昭和・平成時代,金融恐慌
昭和・平成時代,満州事変
昭和・平成時代,溥儀
昭和・平成時代,抗日民族統一戦線
昭和・平成時代,大政翼賛会
昭和・平成時代,創氏改名
昭和・平成時代,フランス
昭和・平成時代,日独伊三国同盟
昭和・平成時代,枢軸国
昭和・平成時代,連合国
昭和・平成時代,レジスタンス
昭和・平成時代,ソ連
昭和・平成時代,大東亜共栄圏
昭和・平成時代,ミッドウェー海戦
昭和・平成時代,集団疎開
昭和・平成時代,空襲
昭和・平成時代,ポツタム宣言
昭和・平成時代,長崎
昭和・平成時代,GHQ
昭和・平成時代,沖縄
昭和・平成時代,ソ連
昭和・平成時代,20歳以上
昭和・平成時代,労働組合法
昭和・平成時代,日本国憲法
昭和・平成時代,財閥解体 
昭和・平成時代,農地改革 
昭和・平成時代,安全保障理事会 
昭和・平成時代,イギリス
昭和・平成時代,アメリカ
昭和・平成時代,冷戦
昭和・平成時代,毛沢東 
昭和・平成時代,自衛隊
昭和・平成時代,サンフランシスコ平和条約
昭和・平成時代,55年体制
昭和・平成時代,安保闘争 
昭和・平成時代,アジア・アフリカ会議
昭和・平成時代,キューバ危機
昭和・平成時代,ヨーロッパ共同体
昭和・平成時代,ベトナム戦争
昭和・平成時代,日ソ共同宣言
昭和・平成時代,国際連合
昭和・平成時代,日韓基本条約
昭和・平成時代,日中共同声明
昭和・平成時代,日中平和友好条約
昭和・平成時代,非核三原則
昭和・平成時代,高度経済成長
昭和・平成時代,テレビ
昭和・平成時代,1964年
昭和・平成時代,公害対策基本法
昭和・平成時代,環境庁
昭和・平成時代,第四次中東戦争
昭和・平成時代,北方領土
昭和・平成時代,マッカ一サー
昭和・平成時代,極東国際軍事裁判
昭和・平成時代,基本的人権の尊重
昭和・平成時代,教育基本法
昭和・平成時代,民法
昭和・平成時代,冷たい戦争
昭和・平成時代,ベルリン
昭和・平成時代,中華人民共和国
昭和・平成時代,大韓民国
昭和・平成時代,朝鮮戦争
昭和・平成時代,特需景気
昭和・平成時代,吉田茂
昭和・平成時代,日米安全保障条約
昭和・平成時代,所得倍増
昭和・平成時代,石油
昭和・平成時代,家庭電化製品
昭和・平成時代,新幹線
昭和・平成時代,過疎化
昭和・平成時代,住宅不足
昭和・平成時代,公害問題
昭和・平成時代,四大公害裁判
昭和・平成時代,石油危機
昭和・平成時代,ゴルバチョフ
昭和・平成時代,ベルリンの壁
昭和・平成時代,冷戦
昭和・平成時代,ソ連
昭和・平成時代,サミット
昭和・平成時代,EU
昭和・平成時代,ユーロ
昭和・平成時代,APEC
昭和・平成時代,湾岸戦争
昭和・平成時代,アメリカ同時多発テロ
昭和・平成時代,イラク戦争
昭和・平成時代,北朝鮮
昭和・平成時代,５５年体制
昭和・平成時代,民主党
昭和・平成時代,平成不況
昭和・平成時代,京都議定書
昭和・平成時代,ドイツ
昭和・平成時代,冷戦の終結
昭和・平成時代,主要国首脳会議
昭和・平成時代,アジア太平洋経済協力会議
昭和・平成時代,同時多発テロ
昭和・平成時代,平和維持活動
昭和・平成時代,自衛隊
昭和・平成時代,バブル景気
昭和・平成時代,人権
昭和・平成時代,少子高齢社会
昭和・平成時代,グロ一バル化
昭和・平成時代,地球温暖化
昭和・平成時代,持続可能な社会

